Andreas Abele, https://www.naturkundemuseum.berlin/de/einblicke/mitarbeiter/andreas.abele
Martin Aberhan, https://www.naturkundemuseum.berlin/de/einblicke/mitarbeiter/martin.aberhan
Gaia Agnello, https://www.naturkundemuseum.berlin/de/einblicke/mitarbeiter/gaia.agnello
Manfred Asche, https://www.naturkundemuseum.berlin/de/einblicke/mitarbeiter/manfred.asche
Vera Assis Fernandes, https://www.naturkundemuseum.berlin/de/einblicke/mitarbeiter/vera.fernandes
Dörte Badock, https://www.naturkundemuseum.berlin/de/einblicke/mitarbeiter/doerte.badock
Kersten Barth, https://www.naturkundemuseum.berlin/de/einblicke/mitarbeiter/kersten.barth
Peter Bartsch, https://www.naturkundemuseum.berlin/de/einblicke/mitarbeiter/peter.bartsch
Manuela Bauche, https://www.naturkundemuseum.berlin/de/einblicke/mitarbeiter/manuela.bauche
Emma Berdan, https://www.naturkundemuseum.berlin/de/einblicke/mitarbeiter/emma.berdan
Lutz Berner, https://www.naturkundemuseum.berlin/de/einblicke/mitarbeiter/lutz.berner
Faysal Bibi, https://www.naturkundemuseum.berlin/de/einblicke/mitarbeiter/faysal.bibi
Constanze Bickelmann, https://www.naturkundemuseum.berlin/de/einblicke/mitarbeiter/constanze.bickelmann
Annett Billepp, https://www.naturkundemuseum.berlin/de/einblicke/mitarbeiter/annett.billepp
Steffen Bock, https://www.naturkundemuseum.berlin/de/einblicke/mitarbeiter/steffen.bock
Denise Bode, https://www.naturkundemuseum.berlin/de/einblicke/mitarbeiter/denise.bode
Gottfried Böhme, https://www.naturkundemuseum.berlin/de/einblicke/mitarbeiter/gottfried.boehme
Kirsten Born, https://www.naturkundemuseum.berlin/de/einblicke/mitarbeiter/kirsten.born
Vivien Bothe, https://www.naturkundemuseum.berlin/de/einblicke/mitarbeiter/vivien.bothe
Markus Brinkmann, https://www.naturkundemuseum.berlin/de/einblicke/mitarbeiter/markus.brinkmann
Regina Brückner, https://www.naturkundemuseum.berlin/de/einblicke/mitarbeiter/regina.brueckner
Alexander Buhl, https://www.naturkundemuseum.berlin/de/einblicke/mitarbeiter/alexander.buhl
Sonja Calvus, https://www.naturkundemuseum.berlin/de/einblicke/mitarbeiter/sonja.calvus
Alice Chodura, https://www.naturkundemuseum.berlin/de/einblicke/mitarbeiter/alice.chodura
Charles Oliver Coleman, https://www.naturkundemuseum.berlin/de/einblicke/mitarbeiter/oliver.coleman
Peter Czaja, https://www.naturkundemuseum.berlin/de/einblicke/mitarbeiter/peter.czaja
Ferdinand Damaschun, https://www.naturkundemuseum.berlin/de/einblicke/mitarbeiter/ferdinand.damaschun
Katrin Damrau, https://www.naturkundemuseum.berlin/de/einblicke/mitarbeiter/katrin.damrau
Marylene Danto, https://www.naturkundemuseum.berlin/de/einblicke/mitarbeiter/marylene.danto
Jürgen Deckert, https://www.naturkundemuseum.berlin/de/einblicke/mitarbeiter/juergen.deckert
Lea Devaere, https://www.naturkundemuseum.berlin/de/einblicke/mitarbeiter/lea.devaere
Julia Diekaemper, https://www.naturkundemuseum.berlin/de/einblicke/mitarbeiter/julia.diekaemper
Carolin Dittrich, https://www.naturkundemuseum.berlin/de/einblicke/mitarbeiter/carolin.dittrich
Bernd Domning, https://www.naturkundemuseum.berlin/de/einblicke/mitarbeiter/bernd.domning
Wolfram Donath, https://www.naturkundemuseum.berlin/de/einblicke/mitarbeiter/wolfram.donath
Thorleif Dörfel, https://www.naturkundemuseum.berlin/de/einblicke/mitarbeiter/thorleif.doerfel
Sanja Drakulic, https://www.naturkundemuseum.berlin/de/einblicke/mitarbeiter/sanja.drakulic
Jason Dunlop, https://www.naturkundemuseum.berlin/de/einblicke/mitarbeiter/jason.dunlop
Petra Ebber, https://www.naturkundemuseum.berlin/de/einblicke/mitarbeiter/petra.ebber
Pascal Eckhoff, https://www.naturkundemuseum.berlin/de/einblicke/mitarbeiter/pascal.eckhoff
Michaela Engel, https://www.naturkundemuseum.berlin/de/einblicke/mitarbeiter/michaela.engel
Benedikt Esch, https://www.naturkundemuseum.berlin/de/einblicke/mitarbeiter/benedikt.esch
Astrid Faber, https://www.naturkundemuseum.berlin/de/einblicke/mitarbeiter/astrid.faber
Marianne Falk, https://www.naturkundemuseum.berlin/de/einblicke/mitarbeiter/marianne.falk
Jürgen Fiebig, https://www.naturkundemuseum.berlin/de/einblicke/mitarbeiter/juergen.fiebig
Sylke Frahnert, https://www.naturkundemuseum.berlin/de/einblicke/mitarbeiter/sylke.frahnert
Anja Friederichs, https://www.naturkundemuseum.berlin/de/einblicke/mitarbeiter/anja.friederichs
Johannes Frisch, https://www.naturkundemuseum.berlin/de/einblicke/mitarbeiter/johannes.frisch
Wolfram Fritzsch, https://www.naturkundemuseum.berlin/de/einblicke/mitarbeiter/wolfram.fritzsch
Jörg Fröbisch, https://www.naturkundemuseum.berlin/de/einblicke/mitarbeiter/joerg.froebisch
Nadia Fröbisch, https://www.naturkundemuseum.berlin/de/einblicke/mitarbeiter/nadia.froebisch
Karl-Heinz Frommolt, https://www.naturkundemuseum.berlin/de/einblicke/mitarbeiter/karl-heinz.frommolt
Christiane Funk, https://www.naturkundemuseum.berlin/de/einblicke/mitarbeiter/christiane.funk
Nina Furchheim, https://www.naturkundemuseum.berlin/de/einblicke/mitarbeiter/nina.furchheim
Linda Galle, https://www.naturkundemuseum.berlin/de/einblicke/mitarbeiter/linda.galle
Saskia Gennrich, https://www.naturkundemuseum.berlin/de/einblicke/mitarbeiter/s.gennrich
Peter Giere, https://www.naturkundemuseum.berlin/de/einblicke/mitarbeiter/peter.giere
Nora Glaubrecht, https://www.naturkundemuseum.berlin/de/einblicke/mitarbeiter/nora.glaubrecht
Falko Glöckler, https://www.naturkundemuseum.berlin/de/einblicke/mitarbeiter/falko.gloeckler
Andreas Gnensch, https://www.naturkundemuseum.berlin/de/einblicke/mitarbeiter/andreas.gnensch
Claudia Göbel, https://www.naturkundemuseum.berlin/de/einblicke/mitarbeiter/claudia.goebel
Antje Goldau, https://www.naturkundemuseum.berlin/de/einblicke/mitarbeiter/antje.goldau
Hwaja Götz, https://www.naturkundemuseum.berlin/de/einblicke/mitarbeiter/hwaja.goetz
Ansgar Greshake, https://www.naturkundemuseum.berlin/de/einblicke/mitarbeiter/ansgar.greshake
Petra Grimm, https://www.naturkundemuseum.berlin/de/einblicke/mitarbeiter/petra.grimm
Susanne Grube, https://www.naturkundemuseum.berlin/de/einblicke/mitarbeiter/susanne.grube
Ulrike Grunow, https://www.naturkundemuseum.berlin/de/einblicke/mitarbeiter/ulrike.grunow
Nicole Güldemeister, https://www.naturkundemuseum.berlin/de/einblicke/mitarbeiter/nicole.gueldemeister
Linus Günther, https://www.naturkundemuseum.berlin/de/einblicke/mitarbeiter/linus.guenther
Rainer Günther, https://www.naturkundemuseum.berlin/de/einblicke/mitarbeiter/rainer.guenther
Astrid Hackel, https://www.naturkundemuseum.berlin/de/einblicke/mitarbeiter/astrid.hackel
Sabine Hackethal, https://www.naturkundemuseum.berlin/de/einblicke/mitarbeiter/sabine.hackethal
Holger Hackmann, https://www.naturkundemuseum.berlin/de/einblicke/mitarbeiter/holger.hackmann
Gregor Hagedorn, https://www.naturkundemuseum.berlin/de/einblicke/mitarbeiter/gregor.hagedorn
Oliver Hähnel, https://www.naturkundemuseum.berlin/de/einblicke/mitarbeiter/oliver.haehnel
Alexandra Hamann, https://www.naturkundemuseum.berlin/de/einblicke/mitarbeiter/alexandra.hamann
Christopher Hamann, https://www.naturkundemuseum.berlin/de/einblicke/mitarbeiter/christopher.hamann
Corinna Hammer, https://www.naturkundemuseum.berlin/de/einblicke/mitarbeiter/corinna.hammer
Oliver Hampe, https://www.naturkundemuseum.berlin/de/einblicke/mitarbeiter/oliver.hampe
Allyne Hartmann, https://www.naturkundemuseum.berlin/de/einblicke/mitarbeiter/allyne.hartmann
Viktor Hartung, https://www.naturkundemuseum.berlin/de/einblicke/mitarbeiter/viktor.hartung
Thekla Hauer, https://www.naturkundemuseum.berlin/de/einblicke/mitarbeiter/thekla.hauer
Angelika Haufe, https://www.naturkundemuseum.berlin/de/einblicke/mitarbeiter/angelika.haufe
Christoph Häuser, https://www.naturkundemuseum.berlin/de/einblicke/mitarbeiter/christoph.haeuser
Lutz Hecht, https://www.naturkundemuseum.berlin/de/einblicke/mitarbeiter/lutz.hecht
Carmen Heilmaier, https://www.naturkundemuseum.berlin/de/einblicke/mitarbeiter/carmen.heilmaier
Nadja Heinisch, https://www.naturkundemuseum.berlin/de/einblicke/mitarbeiter/nadja.heinisch
Valentin Henning, https://www.naturkundemuseum.berlin/de/einblicke/mitarbeiter/valentin.henning
Anita Hermannstädter, https://www.naturkundemuseum.berlin/de/einblicke/mitarbeiter/a.hermannstaedter
Franziska Heuer, https://www.naturkundemuseum.berlin/de/einblicke/mitarbeiter/franziska.heuer
Ina Heumann, https://www.naturkundemuseum.berlin/de/einblicke/mitarbeiter/ina.heumann
Leon Hilgers, https://www.naturkundemuseum.berlin/de/einblicke/mitarbeiter/leon.hilgers
Cornelia Hiller, https://www.naturkundemuseum.berlin/de/einblicke/mitarbeiter/cornelia.hiller
Christy Hipsley, https://www.naturkundemuseum.berlin/de/einblicke/mitarbeiter/christy.hipsley
Hannelore Hoch, https://www.naturkundemuseum.berlin/de/einblicke/mitarbeiter/hannelore.hoch
Anke Hoffmann, https://www.naturkundemuseum.berlin/de/einblicke/mitarbeiter/anke.hoffmann
Jana Hoffmann, https://www.naturkundemuseum.berlin/de/einblicke/mitarbeiter/jana.hoffmann
Richard Hofmann, https://www.naturkundemuseum.berlin/de/einblicke/mitarbeiter/richard.hofmann
Claudia Hömberg, https://www.naturkundemuseum.berlin/de/einblicke/mitarbeiter/claudia.hoemberg
Jessica Hübner, https://www.naturkundemuseum.berlin/de/einblicke/mitarbeiter/jessica.huebner
Jürgen Jabs, https://www.naturkundemuseum.berlin/de/einblicke/mitarbeiter/juergen.jabs
Bernd Jäger, https://www.naturkundemuseum.berlin/de/einblicke/mitarbeiter/bernd.jaeger
Lisa Jahn, https://www.naturkundemuseum.berlin/de/einblicke/mitarbeiter/lisa.jahn
Stephan Junker, https://www.naturkundemuseum.berlin/de/einblicke/mitarbeiter/stephan.junker
Claudia Kaatz, https://www.naturkundemuseum.berlin/de/einblicke/mitarbeiter/claudia.kaatz
Nina Kaiser, https://www.naturkundemuseum.berlin/de/einblicke/mitarbeiter/nina.kaiser
Christian Kammerer, https://www.naturkundemuseum.berlin/de/einblicke/mitarbeiter/christian.kammerer
Angelika Kämpf, https://www.naturkundemuseum.berlin/de/einblicke/mitarbeiter/angelika.kaempf
Kristine Kämpf, https://www.naturkundemuseum.berlin/de/einblicke/mitarbeiter/kristine.kaempf
Felix Kaufmann, https://www.naturkundemuseum.berlin/de/einblicke/mitarbeiter/felix.kaufmann
Silvia Keinath, https://www.naturkundemuseum.berlin/de/einblicke/mitarbeiter/silvia.keinath
Omid Khorramshahi, https://www.naturkundemuseum.berlin/de/einblicke/mitarbeiter/omid.khorramshahi
Wolfgang Kiessling, https://www.naturkundemuseum.berlin/de/einblicke/mitarbeiter/wolfgang.kiessling
Sebastian Kirchhof, https://www.naturkundemuseum.berlin/de/einblicke/mitarbeiter/sebastian.kirchhof
Martin Kirchner, https://www.naturkundemuseum.berlin/de/einblicke/mitarbeiter/martin.kirchner
Lukas Kirschey, https://www.naturkundemuseum.berlin/de/einblicke/mitarbeiter/lukas.kirschey
Carina Klein, https://www.naturkundemuseum.berlin/de/einblicke/mitarbeiter/carina.klein
Tomas Kleinert, https://www.naturkundemuseum.berlin/de/einblicke/mitarbeiter/tomas.kleinert
Lisa Kluckert, https://www.naturkundemuseum.berlin/de/einblicke/mitarbeiter/lisa.kluckert
Klaus Klups, https://www.naturkundemuseum.berlin/de/einblicke/mitarbeiter/klaus.klups
Silke Knippert, https://www.naturkundemuseum.berlin/de/einblicke/mitarbeiter/silke.knippert
Hans-Rudolf Knöfler, https://www.naturkundemuseum.berlin/de/einblicke/mitarbeiter/hans-rudolf.knoefler
Frank Koch, https://www.naturkundemuseum.berlin/de/einblicke/mitarbeiter/frank.koch
Günther Korb, https://www.naturkundemuseum.berlin/de/einblicke/mitarbeiter/guenther.korb
Dieter Korn, https://www.naturkundemuseum.berlin/de/einblicke/mitarbeiter/dieter.korn
Alice Kracht, https://www.naturkundemuseum.berlin/de/einblicke/mitarbeiter/alice.kracht
Kathrin Krahn, https://www.naturkundemuseum.berlin/de/einblicke/mitarbeiter/kathrin.krahn
Stefanie Krause, https://www.naturkundemuseum.berlin/de/einblicke/mitarbeiter/stefanie.krause
Melanie Krauth, https://www.naturkundemuseum.berlin/de/einblicke/mitarbeiter/melanie.krauth
Sonja Kreft, https://www.naturkundemuseum.berlin/de/einblicke/mitarbeiter/sonja.kreft
Ilona Krüger, https://www.naturkundemuseum.berlin/de/einblicke/mitarbeiter/ilona.krueger
Stefanie Krzyzniewski, https://www.naturkundemuseum.berlin/de/einblicke/mitarbeiter/s.krzyzniewski
Andreas Kunkel, https://www.naturkundemuseum.berlin/de/einblicke/mitarbeiter/andreas.kunkel
Leslie Kuo, https://www.naturkundemuseum.berlin/de/einblicke/mitarbeiter/leslie.kuo
Hannelore Landsberg, https://www.naturkundemuseum.berlin/de/einblicke/mitarbeiter/hannelore.landsberg
Mario Lasseck, https://www.naturkundemuseum.berlin/de/einblicke/mitarbeiter/mario.lasseck
David Lazarus, https://www.naturkundemuseum.berlin/de/einblicke/mitarbeiter/david.lazarus
Lucyna Leda, https://www.naturkundemuseum.berlin/de/einblicke/mitarbeiter/lucyna.leda
Erik Lehmann, https://www.naturkundemuseum.berlin/de/einblicke/mitarbeiter/erik.lehmann
Hans-Jürgen Lehmann, https://www.naturkundemuseum.berlin/de/einblicke/mitarbeiter/hans-juergen.lehmann
Nora Lentge-Maaß, https://www.naturkundemuseum.berlin/de/einblicke/mitarbeiter/nora.maass
Doris Leue, https://www.naturkundemuseum.berlin/de/einblicke/mitarbeiter/doris.leue
Anja Liehske, https://www.naturkundemuseum.berlin/de/einblicke/mitarbeiter/anja.liehske
Steven Lischke, https://www.naturkundemuseum.berlin/de/einblicke/mitarbeiter/steven.lischke
Volker Lohrmann, https://www.naturkundemuseum.berlin/de/einblicke/mitarbeiter/volker.lohrmann
Soledad Luna, https://www.naturkundemuseum.berlin/de/einblicke/mitarbeiter/soledad.luna
Carsten Lüter, https://www.naturkundemuseum.berlin/de/einblicke/mitarbeiter/carsten.lueter
Robert Luther, https://www.naturkundemuseum.berlin/de/einblicke/mitarbeiter/robert.luther
Anne MacKinney, https://www.naturkundemuseum.berlin/de/einblicke/mitarbeiter/anne.mckinney
Kristin Mahlow, https://www.naturkundemuseum.berlin/de/einblicke/mitarbeiter/kristin.mahlow
Lothar Maitas, https://www.naturkundemuseum.berlin/de/einblicke/mitarbeiter/lothar.maitas
Heinrich Mallison, https://www.naturkundemuseum.berlin/de/einblicke/mitarbeiter/heinrich.mallison
Sven Marotzke, https://www.naturkundemuseum.berlin/de/einblicke/mitarbeiter/sven.marotzke
Elena Martellato, https://www.naturkundemuseum.berlin/de/einblicke/mitarbeiter/elena.martellato
Andre Mascarenhas, https://www.naturkundemuseum.berlin/de/einblicke/mitarbeiter/andre.mascarenhas
Jens Matzekat, https://www.naturkundemuseum.berlin/de/einblicke/mitarbeiter/jens.matzekat
Detlev Matzke, https://www.naturkundemuseum.berlin/de/einblicke/mitarbeiter/detlev.matzke
Sabine Maurer, https://www.naturkundemuseum.berlin/de/einblicke/mitarbeiter/sabine.maurer
Frieder Mayer, https://www.naturkundemuseum.berlin/de/einblicke/mitarbeiter/frieder.mayer
Susan Mbedi, https://www.naturkundemuseum.berlin/de/einblicke/mitarbeiter/susan.mbedi
Wolfram Mey, https://www.naturkundemuseum.berlin/de/einblicke/mitarbeiter/wolfram.mey
Joanna Mitchell, https://www.naturkundemuseum.berlin/de/einblicke/mitarbeiter/joanna.mitchell
Christian Mitgutsch, https://www.naturkundemuseum.berlin/de/einblicke/mitarbeiter/christian.mitgutsch
Barbara Mohr, https://www.naturkundemuseum.berlin/de/einblicke/mitarbeiter/barbara.mohr
Tanja Mohr-Westheide, https://www.naturkundemuseum.berlin/de/einblicke/mitarbeiter/tanja.mohr-westheide
Uwe Moldrzyk, https://www.naturkundemuseum.berlin/de/einblicke/mitarbeiter/uwe.moldrzyk
Alexandra Moormann, https://www.naturkundemuseum.berlin/de/einblicke/mitarbeiter/alexandra.moormann
Johannes Müller, https://www.naturkundemuseum.berlin/de/einblicke/mitarbeiter/johannes.mueller
Magdalena Müller, https://www.naturkundemuseum.berlin/de/einblicke/mitarbeiter/magdalena.mueller
Mandy Müller, https://www.naturkundemuseum.berlin/de/einblicke/mitarbeiter/mandy.mueller
Tahani Nadim, https://www.naturkundemuseum.berlin/de/einblicke/mitarbeiter/tahani.nadim
Mirjam Nadjafzadeh, https://www.naturkundemuseum.berlin/de/einblicke/mitarbeiter/mirjam.nadjafzadeh
Shahin Nawai, https://www.naturkundemuseum.berlin/de/einblicke/mitarbeiter/shahin.nawai
Birger Neuhaus, https://www.naturkundemuseum.berlin/de/einblicke/mitarbeiter/birger.neuhaus
Christian Neumann, https://www.naturkundemuseum.berlin/de/einblicke/mitarbeiter/christian.neumann
Monika Neumann, https://www.naturkundemuseum.berlin/de/einblicke/mitarbeiter/monika.neumann
Stephanie Niemeier, https://www.naturkundemuseum.berlin/de/einblicke/mitarbeiter/stephanie.niemeier
Michael Ohl, https://www.naturkundemuseum.berlin/de/einblicke/mitarbeiter/michael.ohl
Bernd Ollenschläger, https://www.naturkundemuseum.berlin/de/einblicke/mitarbeiter/bernd.ollenschlaeger
Kerstin Pannhorst, https://www.naturkundemuseum.berlin/de/einblicke/mitarbeiter/kerstin.pannhorst
Eva Patzschke, https://www.naturkundemuseum.berlin/de/einblicke/mitarbeiter/eva.patzschke
Johannes Penner, https://www.naturkundemuseum.berlin/de/einblicke/mitarbeiter/johannes.penner
Mareike Petersen, https://www.naturkundemuseum.berlin/de/einblicke/mitarbeiter/mareike.petersen
Lisa Pettibone, https://www.naturkundemuseum.berlin/de/einblicke/mitarbeiter/lisa.pettibone
Carla Pinho, https://www.naturkundemuseum.berlin/de/einblicke/mitarbeiter/carla.pinho
Christoph Plappert, https://www.naturkundemuseum.berlin/de/einblicke/mitarbeiter/christoph.plappert
Jörg Plötner, https://www.naturkundemuseum.berlin/de/einblicke/mitarbeiter/joerg.ploetner
Irina Podgorny, https://www.naturkundemuseum.berlin/de/einblicke/mitarbeiter/irina.podgorny
Jenny Pohl, https://www.naturkundemuseum.berlin/de/einblicke/mitarbeiter/jenny.pohl
Catrin Puffert, https://www.naturkundemuseum.berlin/de/einblicke/mitarbeiter/catrin.puffert
Christiane Quaisser, https://www.naturkundemuseum.berlin/de/einblicke/mitarbeiter/christiane.quaisser
Hans-Ulrich Raake, https://www.naturkundemuseum.berlin/de/einblicke/mitarbeiter/hans-ulrich.raake
Carola Radke, https://www.naturkundemuseum.berlin/de/einblicke/mitarbeiter/carola.radke
Ulli Raschke, https://www.naturkundemuseum.berlin/de/einblicke/mitarbeiter/ulli.raschke
Diane Raspe, https://www.naturkundemuseum.berlin/de/einblicke/mitarbeiter/diane.raspe
Yvonne Reimers, https://www.naturkundemuseum.berlin/de/einblicke/mitarbeiter/yvonne.reimers
Uwe Reimold, https://www.naturkundemuseum.berlin/de/einblicke/mitarbeiter/uwe.reimold
Erik Reinholz, https://www.naturkundemuseum.berlin/de/einblicke/mitarbeiter/erik.reinholz
Inna Reise, https://www.naturkundemuseum.berlin/de/einblicke/mitarbeiter/inna.reise
Johan Renaudie, https://www.naturkundemuseum.berlin/de/einblicke/mitarbeiter/johan.renaudie
Katrin Reuter, https://www.naturkundemuseum.berlin/de/einblicke/mitarbeiter/katrin.reuter
Robert Richter, https://www.naturkundemuseum.berlin/de/einblicke/mitarbeiter/robert.richter
Viola Richter, https://www.naturkundemuseum.berlin/de/einblicke/mitarbeiter/viola.richter
Regina Rieck, https://www.naturkundemuseum.berlin/de/einblicke/mitarbeiter/regina.rieck
Caroline Ring, https://www.naturkundemuseum.berlin/de/einblicke/mitarbeiter/caroline.ring
Simon Ripperger, https://www.naturkundemuseum.berlin/de/einblicke/mitarbeiter/simon.ripperger
Martina Rißberger, https://www.naturkundemuseum.berlin/de/einblicke/mitarbeiter/martina.rissberger
Mark-Oliver Rödel, https://www.naturkundemuseum.berlin/de/einblicke/mitarbeiter/mo.roedel
Juliane Röhner, https://www.naturkundemuseum.berlin/de/einblicke/mitarbeiter/juliane.roehner
Wiebke Rössig, https://www.naturkundemuseum.berlin/de/einblicke/mitarbeiter/wiebke.roessig
Adele Rother, https://www.naturkundemuseum.berlin/de/einblicke/mitarbeiter/adele.rother
Roberto Rozzi, https://www.naturkundemuseum.berlin/de/einblicke/mitarbeiter/roberto.rozzi
Melanie Rühl, https://www.naturkundemuseum.berlin/de/einblicke/mitarbeiter/melanie.ruehl
Kerstin Runki, https://www.naturkundemuseum.berlin/de/einblicke/mitarbeiter/kerstin.runki
Sylvia Salzmann, https://www.naturkundemuseum.berlin/de/einblicke/mitarbeiter/sylvia.salzmann
Laura Sandberger-Loua, https://www.naturkundemuseum.berlin/de/einblicke/mitarbeiter/laura.sandberger
Anke Sänger, https://www.naturkundemuseum.berlin/de/einblicke/mitarbeiter/anke.saenger
Manuela Sann, https://www.naturkundemuseum.berlin/de/einblicke/mitarbeiter/manuela.sann
Franziska Sattler, https://www.naturkundemuseum.berlin/de/einblicke/mitarbeiter/franziska.sattler
Livia Schäffler, https://www.naturkundemuseum.berlin/de/einblicke/mitarbeiter/livia.schaeffler
Holger Schick, https://www.naturkundemuseum.berlin/de/einblicke/mitarbeiter/holger.schick
Rainer Schliep, https://www.naturkundemuseum.berlin/de/einblicke/mitarbeiter/rainer.schliep
Thomas Schmid-Dankward, https://www.naturkundemuseum.berlin/de/einblicke/mitarbeiter/t.schmid-dankward
Rita Schmidt, https://www.naturkundemuseum.berlin/de/einblicke/mitarbeiter/rita.schmidt
Elisa Schmitt, https://www.naturkundemuseum.berlin/de/einblicke/mitarbeiter/elisa.schmitt
Ralf-Thomas Schmitt, https://www.naturkundemuseum.berlin/de/einblicke/mitarbeiter/ralf-thomas.schmitt
Susanne Schmitt, https://www.naturkundemuseum.berlin/de/einblicke/mitarbeiter/susanne.schmitt
Isabel Schmuck, https://www.naturkundemuseum.berlin/de/einblicke/mitarbeiter/isabel.schmuck
Hendryk Schneider, https://www.naturkundemuseum.berlin/de/einblicke/mitarbeiter/hendryk.schneider
Andreas Schnock, https://www.naturkundemuseum.berlin/de/einblicke/mitarbeiter/andreas.schnock
Martin Schobben, https://www.naturkundemuseum.berlin/de/einblicke/mitarbeiter/martin.schobben
Marten Schöle, https://www.naturkundemuseum.berlin/de/einblicke/mitarbeiter/marten.schoele
Peter Schönefeld, https://www.naturkundemuseum.berlin/de/einblicke/mitarbeiter/peter.schoenefeld
Sabine Schöppe, https://www.naturkundemuseum.berlin/de/einblicke/mitarbeiter/sabine.schoeppe
Thomas Schossleitner, https://www.naturkundemuseum.berlin/de/einblicke/mitarbeiter/t.schossleitner
Robert Schreiber, https://www.naturkundemuseum.berlin/de/einblicke/mitarbeiter/robert.schreiber
Stephan Schultka, https://www.naturkundemuseum.berlin/de/einblicke/mitarbeiter/stephan.schultka
Yori Schultka, https://www.naturkundemuseum.berlin/de/einblicke/mitarbeiter/yori.schultka
Selina Schultze, https://www.naturkundemuseum.berlin/de/einblicke/mitarbeiter/selina.schultze
Bernhard Schurian, https://www.naturkundemuseum.berlin/de/einblicke/mitarbeiter/bernhard.schurian
Daniela Schwarz, https://www.naturkundemuseum.berlin/de/einblicke/mitarbeiter/daniela.schwarz
Friederike Schwarz, https://www.naturkundemuseum.berlin/de/einblicke/mitarbeiter/friederike.schwarz
Antje Schwiering, https://www.naturkundemuseum.berlin/de/einblicke/mitarbeiter/antje.schwiering
Elke Siebert, https://www.naturkundemuseum.berlin/de/einblicke/mitarbeiter/elke.siebert
Tanja Solak, https://www.naturkundemuseum.berlin/de/einblicke/mitarbeiter/tanja.solak
Christian Sonntag, https://www.naturkundemuseum.berlin/de/einblicke/mitarbeiter/christian.sonntag
Anne Stabler, https://www.naturkundemuseum.berlin/de/einblicke/mitarbeiter/anne.stabler
Sven Stehle, https://www.naturkundemuseum.berlin/de/einblicke/mitarbeiter/sven.stehle
Robert Stein, https://www.naturkundemuseum.berlin/de/einblicke/mitarbeiter/robert.stein
Gesine Steiner, https://www.naturkundemuseum.berlin/de/einblicke/mitarbeiter/gesine.steiner
Marlies Steininger, https://www.naturkundemuseum.berlin/de/einblicke/mitarbeiter/marlies.steininger
Dieter Stöffler, https://www.naturkundemuseum.berlin/de/einblicke/mitarbeiter/dieter.stoeffler
Bärbel Stripling, https://www.naturkundemuseum.berlin/de/einblicke/mitarbeiter/baerbel.stripling
Ulrich Struck, https://www.naturkundemuseum.berlin/de/einblicke/mitarbeiter/ulrich.struck
Ulrike Sturm, https://www.naturkundemuseum.berlin/de/einblicke/mitarbeiter/ulrike.sturm
Jana Suchocka, https://www.naturkundemuseum.berlin/de/einblicke/mitarbeiter/jana.suchocka
Lauren Sumner-Rooney, https://www.naturkundemuseum.berlin/de/einblicke/mitarbeiter/lauren.sumner-rooney
Marco Tamborini, https://www.naturkundemuseum.berlin/de/einblicke/mitarbeiter/marco.tamborini
Melanie Tietje, https://www.naturkundemuseum.berlin/de/einblicke/mitarbeiter/melanie.tietje
Frank Tillack, https://www.naturkundemuseum.berlin/de/einblicke/mitarbeiter/frank.tillack
Manuela Tilling, https://www.naturkundemuseum.berlin/de/einblicke/mitarbeiter/manuela.tilling
Malte Timpte, https://www.naturkundemuseum.berlin/de/einblicke/mitarbeiter/malte.timpte
Sandra Triepel, https://www.naturkundemuseum.berlin/de/einblicke/mitarbeiter/sandra.triepel
Martin Tscholl, https://www.naturkundemuseum.berlin/de/einblicke/mitarbeiter/martin.tscholl
Joshua Tyler, https://www.naturkundemuseum.berlin/de/einblicke/mitarbeiter/joshua.tyler
Manfred Uhlig, https://www.naturkundemuseum.berlin/de/einblicke/mitarbeiter/manfred.uhlig
Esther Ullrich-Lüter, https://www.naturkundemuseum.berlin/de/einblicke/mitarbeiter/e.ullrich-lueter
Luis Valente, https://www.naturkundemuseum.berlin/de/einblicke/mitarbeiter/luis.valente
Bert Van Bocxlaer, https://www.naturkundemuseum.berlin/de/einblicke/mitarbeiter/bert.vanbocxlaer
Collin Van Buren, https://www.naturkundemuseum.berlin/de/einblicke/mitarbeiter/collin.vanburen
Johannes Vogel, https://www.naturkundemuseum.berlin/de/einblicke/mitarbeiter/johannes.vogel
Philipp Vogt, https://www.naturkundemuseum.berlin/de/einblicke/mitarbeiter/philipp.vogt
Katrin Vohland, https://www.naturkundemuseum.berlin/de/einblicke/mitarbeiter/katrin.vohland
Matthias Völker, https://www.naturkundemuseum.berlin/de/einblicke/mitarbeiter/matthias.voelker
Swetlana Volland, https://www.naturkundemuseum.berlin/de/einblicke/mitarbeiter/swetlana.volland
Manja Voß, https://www.naturkundemuseum.berlin/de/einblicke/mitarbeiter/manja.voss
Kristina von Rintelen, https://www.naturkundemuseum.berlin/de/einblicke/mitarbeiter/kristina.rintelen
Thomas von Rintelen, https://www.naturkundemuseum.berlin/de/einblicke/mitarbeiter/thomas.rintelen
Ekkehard Wachmann, https://www.naturkundemuseum.berlin/de/einblicke/mitarbeiter/ekkehard.wachmann
Imke Wardenburg, https://www.naturkundemuseum.berlin/de/einblicke/mitarbeiter/imke.wardenburg
David Ware, https://www.naturkundemuseum.berlin/de/einblicke/mitarbeiter/david.ware
Isabelle Waurick, https://www.naturkundemuseum.berlin/de/einblicke/mitarbeiter/isabelle.waurick
Frank Wellmann, https://www.naturkundemuseum.berlin/de/einblicke/mitarbeiter/frank.wellmann
Ingmar Werneburg, https://www.naturkundemuseum.berlin/de/einblicke/mitarbeiter/ingmar.werneburg
Florian Wetzel, https://www.naturkundemuseum.berlin/de/einblicke/mitarbeiter/florian.wetzel
Julia Wiedemann, https://www.naturkundemuseum.berlin/de/einblicke/mitarbeiter/julia.wiedemann
Detlef Willborn, https://www.naturkundemuseum.berlin/de/einblicke/mitarbeiter/detlef.willborn
Joachim Willers, https://www.naturkundemuseum.berlin/de/einblicke/mitarbeiter/joachim.willers
Maraike Willsch, https://www.naturkundemuseum.berlin/de/einblicke/mitarbeiter/maraike.willsch
Florian Witzmann, https://www.naturkundemuseum.berlin/de/einblicke/mitarbeiter/florian.witzmann
Helga Wolf, https://www.naturkundemuseum.berlin/de/einblicke/mitarbeiter/helga.wolf
Andrea Wolkenstein, https://www.naturkundemuseum.berlin/de/einblicke/mitarbeiter/andrea.wolkenstein
Kai Wünnemann, https://www.naturkundemuseum.berlin/de/einblicke/mitarbeiter/kai.wuennemann
Hiroshi Yamasaki, https://www.naturkundemuseum.berlin/de/einblicke/mitarbeiter/hiroshi.yamasaki
Patrice Zaag, https://www.naturkundemuseum.berlin/de/einblicke/mitarbeiter/patrice.zaag
Jutta Zeller, https://www.naturkundemuseum.berlin/de/einblicke/mitarbeiter/jutta.zeller
David Ziegler, https://www.naturkundemuseum.berlin/de/einblicke/mitarbeiter/david.ziegler
Joachim Ziegler, https://www.naturkundemuseum.berlin/de/einblicke/mitarbeiter/joachim.ziegler
Mathias Zilch, https://www.naturkundemuseum.berlin/de/einblicke/mitarbeiter/mathias.zilch
Christine Zorn, https://www.naturkundemuseum.berlin/de/einblicke/mitarbeiter/christine.zorn
